{
    "thoughts": {
        "text": "The autogpt directory is currently empty. I need to create the run.sh file in this directory. I can use the 'write_to_file' command to create this file.",
        "reasoning": "Since the autogpt directory is empty, the run.sh file does not exist and needs to be created.",
        "plan": "- Use 'write_to_file' command to create the run.sh file in the autogpt directory\n- Proceed to the next goal",
        "criticism": "I should ensure to correctly specify the filename and directory in the 'write_to_file' command.",
        "speak": "I am going to create the run.sh file in the autogpt directory."
    },
    "command": {
        "name": "write_to_file",
        "args": {
            "filename": "autogpt/run.sh",
            "text": "#!/bin/bash\n\n# This is a placeholder for the run.sh script"
        }
    }
}