{
    "thoughts": {
        "text": "To start with the tasks, I need to load the mindvideo whitepaper. I can use the 'web_search' command to find and load the whitepaper.",
        "reasoning": "The first goal is to load the mindvideo whitepaper. The best way to do this is to search for it on the web.",
        "plan": "- Use 'web_search' command to find the mindvideo whitepaper\n- Analyze the whitepaper and extract necessary information\n- Proceed to the next goal",
        "criticism": "I should ensure that the source of the whitepaper is reliable to avoid misinformation.",
        "speak": "I am going to search for the mindvideo whitepaper."
    },
    "command": {
        "name": "web_search",
        "args": {
            "query": "mindvideo whitepaper"
        }
    }
}