{
    "thoughts": {
        "text": "The 'python_resources.txt' file does not contain information about the location of the fast64 data file. I need to search the web for information about the fast64 data file. I will use the 'web_search' command to search for 'fast64 data file'.",
        "reasoning": "Since the fast64 data file was not found in the specified directories and the 'python_resources.txt' file does not contain information about its location, it might be necessary to search the web for information about this file. The 'web_search' command will allow me to search the web.",
        "plan": "- Use the 'web_search' command to search for 'fast64 data file'\n- Find the location of the fast64 data file\n- Load the gpt4 api\n- Load gcc\n- Compile the app in the autogpts .json\n- Generate the program",
        "criticism": "I should have considered the possibility that the location of the fast64 data file might not be stored locally.",
        "speak": "I am going to search the web for information about the fast64 data file."
    },
    "command": {
        "name": "web_search",
        "args": {
            "query": "fast64 data file"
        }
    }
}