{
    "thoughts": {
        "text": "The obsidan.md file has been successfully created. All the goals have been accomplished.",
        "reasoning": "All the tasks have been completed successfully. There is nothing left to do.",
        "plan": "- End the process",
        "criticism": "I have successfully completed all the tasks. There is no need for criticism at this point.",
        "speak": "All tasks have been completed successfully."
    },
    "command": {
        "name": "goals_accomplished",
        "args": {
            "reason": "All tasks have been completed successfully."
        }
    }
}