{
    "thoughts": {
        "text": "The fast64 data file does not exist in the specified directory. I need to search for it in the correct directory. I will use the 'list_files' command to list the files in the root directory.",
        "reasoning": "Since the fast64 data file was not found in the specified directory, it might be located in a different directory. The 'list_files' command will allow me to see all the files in a directory.",
        "plan": "- Use the 'list_files' command to find the correct directory for the fast64 data file\n- Load the gpt4 api\n- Load gcc\n- Compile the app in the autogpts .json\n- Generate the program",
        "criticism": "I should have verified the location of the fast64 data file before attempting to read it.",
        "speak": "I am going to list the files in the root directory to find the fast64 data file."
    },
    "command": {
        "name": "list_files",
        "args": {
            "directory": "/"
        }
    }
}