{
    "thoughts": {
        "text": "I need to start by loading the fast64 data. To do this, I will use the 'read_file' command.",
        "reasoning": "The first goal is to load the fast64 data. The 'read_file' command is the most appropriate for this task as it allows me to read the contents of a file.",
        "plan": "- Use the 'read_file' command to load the fast64 data\n- Load the gpt4 api\n- Load gcc\n- Compile the app in the autogpts .json\n- Generate the program",
        "criticism": "I should have checked if the fast64 data file exists before attempting to read it.",
        "speak": "I am going to load the fast64 data."
    },
    "command": {
        "name": "read_file",
        "args": {
            "filename": "fast64.data"
        }
    }
}