{
    "thoughts": {
        "text": "The information about using Neuron to generate LLM inference has been successfully saved. Now, I should proceed to the next goal which is to replace the run.sh in the OS for autogpt in the folder of autogpt. I can start by listing the files in the autogpt folder to check if run.sh exists.",
        "reasoning": "To accomplish the next goal, I need to check if run.sh exists in the autogpt folder. The best way to do this is to list the files in the autogpt folder.",
        "plan": "- Use 'list_files' command to list the files in the autogpt folder\n- If run.sh exists, proceed to replace it\n- If run.sh does not exist, create it",
        "criticism": "I should ensure to correctly specify the directory in the 'list_files' command.",
        "speak": "I am going to list the files in the autogpt folder."
    },
    "command": {
        "name": "list_files",
        "args": {
            "directory": "autogpt"
        }
    }
}