{
    "thoughts": {
        "text": "The search results have returned several resources on generating a LLM and running it on a laptop. The most relevant resource seems to be the first link which provides a guide to building LLM-powered applications. I should use the 'browse_website' command to access this resource.",
        "reasoning": "The first link provides a guide to building LLM-powered applications. This is likely to be the most relevant and useful resource for accomplishing the task.",
        "plan": "- Use 'browse_website' command to access the resource\n- Extract necessary information from the resource\n- Proceed to the next goal",
        "criticism": "I should ensure to understand the guide and how it can be adapted for the task.",
        "speak": "I am going to access the resource that provides a guide to building LLM-powered applications."
    },
    "command": {
        "name": "browse_website",
        "args": {
            "url": "https://towardsdatascience.com/getting-started-with-langchain-a-beginners-guide-to-building-llm-powered-applications-95fc8898732c",
            "question": "How to build LLM-powered applications?"
        }
    }
}