{
    "thoughts": {
        "text": "I have gathered information about LangChain, a framework designed to help build LLM-powered applications. Now, I should save this information for future reference. I can use the 'append_to_file' command to save the information.",
        "reasoning": "It's important to save the gathered information for future use. This will help in accomplishing the next goals.",
        "plan": "- Use 'append_to_file' command to save the information about LangChain\n- Proceed to the next goal",
        "criticism": "I should ensure to save the information in a structured and readable format.",
        "speak": "I am going to save the information about LangChain."
    },
    "command": {
        "name": "append_to_file",
        "args": {
            "filename": "mindvideo_info.txt",
            "text": "\n\nThe text discusses LangChain, a framework designed to help build LLM-powered applications more easily. LangChain provides a generic interface to different foundation models, a framework for managing prompts, and a central interface to long-term memory, external data, other LLMs, and other agents. It is an open-source project created by Harrison Chase. The article goes on to explain the six key modules of LangChain to provide a better understanding of its capabilities.\n\nLinks: ['Open in app (https://rsci.app.link/?%24canonical_url=https%3A%2F%2Fmedium.com%2Fp%2F95fc8898732c&%7Efeature=LoOpenInAppButton&%7Echannel=ShowPostUnderCollection&source=---two_column_layout_nav----------------------------------)', 'Sign up (https://medium.com/m/signin?operation=register&redirect=https%3A%2F%2Ftowardsdatascience.com%2Fgetting-started-with-langchain-a-beginners-guide-to-building-llm-powered-applications-95fc8898732c&source=post_page---two_column_layout_nav-----------------------global_nav-----------)', 'Sign In (https://medium.com/m/signin?operation=login&redirect=https%3A%2F%2Ftowardsdatascience.com%2Fgetting-started-with-langchain-a-beginners-guide-to-building-llm-powered-applications-95fc8898732c&source=post_page---two_column_layout_nav-----------------------global_nav-----------)', ' (https://medium.com/?source=---two_column_layout_nav----------------------------------)', 'Write (https://medium.com/m/signin?operation=register&redirect=https%3A%2F%2Fmedium.com%2Fnew-story&source=---two_column_layout_nav-----------------------new_post_topnav-----------)']"
        }
    }
}