{
    "command": {
        "name": "web_search",
        "args": {
            "query": "how to load fast64 data"
        }
    },
    "thoughts": {
        "text": "I need to start by understanding how to load fast64 data. The best way to do this is by conducting a web search.",
        "reasoning": "The first goal is to load fast64 data. I don't have this information in my current knowledge base, so I need to search the web to find it.",
        "plan": "- Conduct a web search on how to load fast64 data\n- Analyze the search results and determine the best method to load the data\n- Implement the method to load the data",
        "criticism": "I should have started by checking if I already have the necessary information to load fast64 data before deciding to conduct a web search.",
        "speak": "I am conducting a web search to understand how to load fast64 data."
    }
}