{
    "thoughts": {
        "text": "The search results have returned several resources on generating a LLM neuron emulator. The most relevant resource seems to be the first link which provides information about generative LLM inference with Neuron. I should use the 'browse_website' command to access this resource.",
        "reasoning": "The first link provides information about generative LLM inference with Neuron. This is likely to be the most relevant and useful resource for accomplishing the task.",
        "plan": "- Use 'browse_website' command to access the resource\n- Extract necessary information from the resource\n- Proceed to the next goal",
        "criticism": "I should ensure to understand the information and how it can be adapted for the task.",
        "speak": "I am going to access the resource that provides information about generative LLM inference with Neuron."
    },
    "command": {
        "name": "browse_website",
        "args": {
            "url": "https://awsdocs-neuron.readthedocs-hosted.com/en/latest/general/appnotes/transformers-neuronx/generative-llm-inference-with-neuron.html",
            "question": "How to generate LLM inference with Neuron?"
        }
    }
}