{
    "thoughts": {
        "text": "The fast64 data file is not in the root directory. I need to search for it in the 'python_resources.txt' file. I will use the 'read_file' command to read the contents of this file.",
        "reasoning": "The 'python_resources.txt' file might contain information about the location of the fast64 data file. The 'read_file' command will allow me to read the contents of this file.",
        "plan": "- Use the 'read_file' command to read the contents of the 'python_resources.txt' file\n- Find the location of the fast64 data file\n- Load the gpt4 api\n- Load gcc\n- Compile the app in the autogpts .json\n- Generate the program",
        "criticism": "I should have considered the possibility that the location of the fast64 data file might be stored in another file.",
        "speak": "I am going to read the 'python_resources.txt' file to find the location of the fast64 data file."
    },
    "command": {
        "name": "read_file",
        "args": {
            "filename": "python_resources.txt"
        }
    }
}