{
    "command": {
        "name": "browse_website",
        "args": {
            "url": "https://github.com/Fast-64/fast64",
            "question": "How to install and use Fast64?"
        }
    },
    "thoughts": {
        "text": "The search results provided a link to the Fast64 repository on GitHub. I will browse this website to understand how to install and use Fast64.",
        "reasoning": "The GitHub repository for Fast64 is likely to contain detailed instructions on how to install and use the software. This will help me achieve my first goal of loading Fast64 data.",
        "plan": "- Browse the Fast64 GitHub repository\n- Understand the installation and usage instructions\n- Implement the instructions to load Fast64 data",
        "criticism": "I should have specified in my web search that I was looking for instructions on how to install and use Fast64.",
        "speak": "I am browsing the Fast64 GitHub repository to understand how to install and use the software."
    }
}