{
    "thoughts": {
        "text": "The search results have returned several links related to the mindvideo whitepaper. The most comprehensive source seems to be the official documentation on Read the Docs. I should use the 'browse_website' command to access this documentation.",
        "reasoning": "The official documentation is likely to contain the most accurate and comprehensive information about mindvideo. Therefore, it is the best source to use to load the whitepaper.",
        "plan": "- Use 'browse_website' command to access the official mindvideo documentation\n- Extract necessary information from the documentation\n- Proceed to the next goal",
        "criticism": "I should ensure to navigate the documentation effectively to find the most relevant information.",
        "speak": "I am going to access the official mindvideo documentation."
    },
    "command": {
        "name": "browse_website",
        "args": {
            "url": "https://mindvideo-guidebook.readthedocs.io/en/latest/index.html",
            "question": "What is mindvideo?"
        }
    }
}