{
    "thoughts": {
        "text": "I have gathered information about mindvideo from the official documentation. Now, I should save this information for future reference. I can use the 'write_to_file' command to save the information.",
        "reasoning": "It's important to save the gathered information for future use. This will help in accomplishing the next goals.",
        "plan": "- Use 'write_to_file' command to save the information about mindvideo\n- Proceed to the next goal",
        "criticism": "I should ensure to save the information in a structured and readable format.",
        "speak": "I am going to save the information about mindvideo."
    },
    "command": {
        "name": "write_to_file",
        "args": {
            "filename": "mindvideo_info.txt",
            "text": "The text is about mindvideo, a software or platform that has various features and supports different models. It provides user guides, training and evaluation, and developer guides. The documentation also mentions the team behind mindvideo and provides information on how to install and configure the software.\n\nLinks: ['\n            mindvideo\n           (https://mindvideo-guidebook.readthedocs.io/en/latest/index.html)', 'What is mindvideo (https://mindvideo-guidebook.readthedocs.io/en/latest/introduction/definition.html)', 'Major feature (https://mindvideo-guidebook.readthedocs.io/en/latest/introduction/feature.html)', 'Supported models (https://mindvideo-guidebook.readthedocs.io/en/latest/introduction/models.html)', 'Content (https://mindvideo-guidebook.readthedocs.io/en/latest/introduction/content.html)']"
        }
    }
}