{
    "thoughts": {
        "text": "The web search results suggest that the fast64 data file might be located in a GitHub repository. I need to browse the 'Fast-64/fast64' GitHub repository to find the fast64 data file. I will use the 'browse_website' command to browse this repository.",
        "reasoning": "The 'Fast-64/fast64' GitHub repository was mentioned in the web search results and might contain the fast64 data file. The 'browse_website' command will allow me to browse this repository.",
        "plan": "- Use the 'browse_website' command to browse the 'Fast-64/fast64' GitHub repository\n- Find the location of the fast64 data file\n- Load the gpt4 api\n- Load gcc\n- Compile the app in the autogpts .json\n- Generate the program",
        "criticism": "I should have considered the possibility that the fast64 data file might be located in a GitHub repository.",
        "speak": "I am going to browse the 'Fast-64/fast64' GitHub repository to find the fast64 data file."
    },
    "command": {
        "name": "browse_website",
        "args": {
            "url": "https://github.com/Fast-64/fast64",
            "question": "Where is the fast64 data file?"
        }
    }
}