{
    "thoughts": {
        "text": "The run.sh file has been successfully created in the autogpt directory. Now, I should proceed to the next goal which is to code with a second obsidan.md brain that has a brain fMRI codex if there is no connection. I can start by checking if the obsidan.md file exists.",
        "reasoning": "To accomplish the next goal, I need to check if the obsidan.md file exists. The best way to do this is to list the files in the current directory.",
        "plan": "- Use 'list_files' command to list the files in the current directory\n- If obsidan.md exists, proceed to code with it\n- If obsidan.md does not exist, create it",
        "criticism": "I should ensure to correctly specify the directory in the 'list_files' command.",
        "speak": "I am going to list the files in the current directory."
    },
    "command": {
        "name": "list_files",
        "args": {
            "directory": "."
        }
    }
}