{
    "thoughts": {
        "text": "The information about LangChain has been successfully saved. Now, I should proceed to the next goal which is to generate the LLM neuron emulator. I can start by searching for resources or examples on how to do this.",
        "reasoning": "To accomplish the next goal, I need to understand how to generate a LLM neuron emulator. The best way to do this is to search for resources or examples on the web.",
        "plan": "- Use 'web_search' command to find resources or examples on generating a LLM neuron emulator\n- Analyze the resources and extract necessary information\n- Proceed to the next goal",
        "criticism": "I should ensure that the resources are reliable and the examples are relevant to the task.",
        "speak": "I am going to search for resources on how to generate a LLM neuron emulator."
    },
    "command": {
        "name": "web_search",
        "args": {
            "query": "how to generate a LLM neuron emulator"
        }
    }
}