{
    "thoughts": {
        "text": "The obsidan.md file does not exist in the current directory. I need to create this file. I can use the 'write_to_file' command to create this file.",
        "reasoning": "Since the obsidan.md file does not exist, it needs to be created.",
        "plan": "- Use 'write_to_file' command to create the obsidan.md file\n- Proceed to the next goal",
        "criticism": "I should ensure to correctly specify the filename in the 'write_to_file' command.",
        "speak": "I am going to create the obsidan.md file."
    },
    "command": {
        "name": "write_to_file",
        "args": {
            "filename": "obsidan.md",
            "text": "# This is a placeholder for the obsidan.md file"
        }
    }
}