{
    "thoughts": {
        "text": "I have gathered information about using Neuron, a software development kit (SDK) by AWS, to generate LLM (Large Language Model) inference. Now, I should save this information for future reference. I can use the 'append_to_file' command to save the information.",
        "reasoning": "It's important to save the gathered information for future use. This will help in accomplishing the next goals.",
        "plan": "- Use 'append_to_file' command to save the information about using Neuron to generate LLM inference\n- Proceed to the next goal",
        "criticism": "I should ensure to save the information in a structured and readable format.",
        "speak": "I am going to save the information about using Neuron to generate LLM inference."
    },
    "command": {
        "name": "append_to_file",
        "args": {
            "filename": "mindvideo_info.txt",
            "text": "\n\nThe text provides documentation for using Neuron, a software development kit (SDK) by AWS, to generate LLM (Large Language Model) inference. It discusses performance optimizations such as KV-caching, model sharding, computation/communication overlap, compact data types, and bucketing. It also provides information on determining the number of NeuronCores needed, choosing the appropriate parallelism technique, and selecting the batch size for optimal performance.\n\nLinks: ['What's New (https://awsdocs-neuron.readthedocs-hosted.com/en/latest/release-notes/index.html#latest-neuron-release)', 'Announcements (https://awsdocs-neuron.readthedocs-hosted.com/en/latest/general/announcements/index.html)', 'AWS Neuron Documentation (https://awsdocs-neuron.readthedocs-hosted.com/en/latest/index.html)', 'Quick Links (https://awsdocs-neuron.readthedocs-hosted.com/en/latest/general/quick-start/docs-quicklinks.html)', 'Get Started with Neuron (https://awsdocs-neuron.readthedocs-hosted.com/en/latest/general/quick-start/index.html)']"
        }
    }
}